fileid,predictions,,
0.npy,Speech,,
1.npy,Frying,Speech,
10.npy,Speech,,
100.npy,Speech,,
1000.npy,Electric_shaver_toothbrush,Speech,
1001.npy,Electric_shaver_toothbrush,Speech,
1002.npy,Speech,,
1003.npy,Speech,,
1004.npy,Frying,Speech,
1005.npy,Speech,,
1006.npy,Speech,,
1007.npy,Dishes,Frying,Speech
1008.npy,Speech,,
1009.npy,Speech,,
101.npy,Speech,,
1010.npy,Speech,,
1011.npy,Electric_shaver_toothbrush,Speech,
1012.npy,Speech,,
1013.npy,Speech,,
1014.npy,Speech,,
1015.npy,Speech,,
1016.npy,Speech,,
1017.npy,Electric_shaver_toothbrush,Speech,
1018.npy,Speech,,
1019.npy,Speech,,
102.npy,Speech,,
1020.npy,Speech,,
1021.npy,Speech,,
1022.npy,Speech,,
1023.npy,Speech,,
1024.npy,Speech,,
1025.npy,Electric_shaver_toothbrush,Speech,
1026.npy,Speech,,
1027.npy,Speech,,
1028.npy,Speech,,
1029.npy,Speech,,
103.npy,Speech,,
1030.npy,Speech,,
1031.npy,Speech,,
1032.npy,Speech,,
1033.npy,Speech,,
1034.npy,Speech,,
1035.npy,Speech,,
1036.npy,Speech,,
1037.npy,Speech,,
1038.npy,Speech,,
1039.npy,Speech,,
104.npy,Speech,,
1040.npy,Speech,,
1041.npy,Speech,,
1042.npy,Electric_shaver_toothbrush,Speech,
1043.npy,Speech,,
1044.npy,Electric_shaver_toothbrush,Speech,
1045.npy,Speech,,
1046.npy,Speech,,
1047.npy,Speech,,
1048.npy,Speech,,
1049.npy,Electric_shaver_toothbrush,Speech,
105.npy,Speech,,
1050.npy,Speech,,
1051.npy,Electric_shaver_toothbrush,Speech,
1052.npy,Speech,,
1053.npy,Speech,,
1054.npy,Speech,,
1055.npy,Speech,,
1056.npy,Speech,,
1057.npy,Speech,,
1058.npy,Speech,,
1059.npy,Speech,,
106.npy,Electric_shaver_toothbrush,Speech,
1060.npy,Speech,,
1061.npy,Speech,,
1062.npy,Speech,,
1063.npy,Speech,,
1064.npy,Speech,,
1065.npy,Speech,,
1066.npy,Speech,,
1067.npy,Electric_shaver_toothbrush,Speech,
1068.npy,Electric_shaver_toothbrush,Speech,
1069.npy,Speech,,
107.npy,Dishes,Frying,Speech
1070.npy,Dishes,Frying,Speech
1071.npy,Speech,,
1072.npy,Speech,,
1073.npy,Frying,Speech,
1074.npy,Dishes,Frying,Speech
1075.npy,Speech,,
1076.npy,Speech,,
1077.npy,Speech,,
1078.npy,Speech,,
1079.npy,Speech,,
108.npy,Speech,,
1080.npy,Speech,Vacuum_cleaner,
1081.npy,Speech,,
1082.npy,Speech,,
1083.npy,Electric_shaver_toothbrush,Speech,
1084.npy,Speech,,
1085.npy,Electric_shaver_toothbrush,Frying,Speech
1086.npy,Speech,,
1087.npy,Frying,Speech,
1088.npy,Speech,,
1089.npy,Speech,,
109.npy,Speech,,
1090.npy,Speech,,
1091.npy,Speech,,
1092.npy,Speech,,
1093.npy,Speech,,
1094.npy,Speech,,
1095.npy,Speech,,
1096.npy,Speech,,
1097.npy,Speech,,
1098.npy,Frying,Speech,Vacuum_cleaner
1099.npy,Speech,,
11.npy,Speech,,
110.npy,Speech,,
1100.npy,Speech,,
1101.npy,Frying,Speech,
1102.npy,Speech,,
1103.npy,Speech,Vacuum_cleaner,
1104.npy,Speech,,
1105.npy,Speech,,
1106.npy,Speech,,
1107.npy,Speech,,
1108.npy,Speech,,
1109.npy,Speech,,
111.npy,Speech,,
1110.npy,Speech,,
1111.npy,Speech,,
1112.npy,Speech,Vacuum_cleaner,
1113.npy,Electric_shaver_toothbrush,Speech,
1114.npy,Speech,,
1115.npy,Speech,,
1116.npy,Speech,,
1117.npy,Speech,,
1118.npy,Speech,,
1119.npy,Speech,,
112.npy,Speech,,
1120.npy,Dishes,Frying,Speech
1121.npy,Speech,,
1122.npy,Speech,,
1123.npy,Speech,,
1124.npy,Speech,,
1125.npy,Speech,,
1126.npy,Speech,,
1127.npy,Speech,,
1128.npy,Speech,,
1129.npy,Speech,,
113.npy,Speech,,
1130.npy,Dishes,Frying,Speech
1131.npy,Speech,,
1132.npy,Speech,Vacuum_cleaner,
1133.npy,Speech,,
1134.npy,Speech,,
1135.npy,Speech,,
1136.npy,Speech,,
1137.npy,Speech,,
1138.npy,Speech,Vacuum_cleaner,
1139.npy,Speech,,
114.npy,Speech,,
1140.npy,Speech,,
1141.npy,Speech,,
1142.npy,Speech,,
1143.npy,Frying,Speech,
1144.npy,Speech,,
1145.npy,Speech,,
1146.npy,Speech,,
1147.npy,Speech,,
1148.npy,Speech,,
1149.npy,Speech,,
115.npy,Speech,,
1150.npy,Speech,,
1151.npy,Speech,,
1152.npy,Speech,,
1153.npy,Speech,,
1154.npy,Speech,,
1155.npy,Speech,Vacuum_cleaner,
1156.npy,Speech,,
1157.npy,Speech,,
1158.npy,Speech,,
1159.npy,Speech,,
116.npy,Speech,,
1160.npy,Speech,,
1161.npy,Speech,,
1162.npy,Speech,,
1163.npy,Speech,,
1164.npy,Speech,,
1165.npy,Speech,,
1166.npy,Speech,,
1167.npy,Speech,,
1168.npy,Speech,,
1169.npy,Speech,,
117.npy,Speech,,
1170.npy,Speech,,
1171.npy,Speech,,
1172.npy,Speech,,
1173.npy,Speech,,
1174.npy,Speech,,
1175.npy,Speech,,
1176.npy,Speech,,
1177.npy,Speech,,
1178.npy,Speech,,
1179.npy,Electric_shaver_toothbrush,Speech,
118.npy,Speech,,
1180.npy,Speech,,
1181.npy,Speech,,
1182.npy,Speech,,
1183.npy,Speech,,
1184.npy,Speech,,
1185.npy,Speech,,
1186.npy,Speech,,
1187.npy,Speech,,
1188.npy,Speech,,
1189.npy,Speech,,
119.npy,Speech,,
1190.npy,Speech,,
1191.npy,Speech,,
1192.npy,Speech,,
1193.npy,Electric_shaver_toothbrush,Speech,
1194.npy,Speech,,
1195.npy,Speech,,
1196.npy,Speech,,
1197.npy,Speech,,
1198.npy,Speech,,
1199.npy,Speech,,
12.npy,Speech,,
120.npy,Speech,,
1200.npy,Speech,,
1201.npy,Speech,Vacuum_cleaner,
1202.npy,Speech,,
1203.npy,Speech,,
1204.npy,Speech,,
1205.npy,Speech,,
1206.npy,Speech,,
1207.npy,Electric_shaver_toothbrush,Speech,
1208.npy,Speech,Vacuum_cleaner,
1209.npy,Speech,Vacuum_cleaner,
121.npy,Speech,,
1210.npy,Speech,,
1211.npy,Speech,,
1212.npy,Speech,,
1213.npy,Speech,,
1214.npy,Speech,,
1215.npy,Dishes,Frying,Speech
1216.npy,Speech,,
1217.npy,Speech,,
1218.npy,Speech,,
1219.npy,Electric_shaver_toothbrush,Speech,
122.npy,Speech,,
1220.npy,Electric_shaver_toothbrush,Speech,
1221.npy,Speech,,
1222.npy,Speech,,
1223.npy,Speech,,
1224.npy,Speech,,
1225.npy,Speech,,
1226.npy,Speech,,
1227.npy,Speech,,
1228.npy,Speech,,
1229.npy,Speech,,
123.npy,Speech,,
1230.npy,Speech,,
1231.npy,Speech,,
1232.npy,Speech,,
1233.npy,Speech,,
1234.npy,Speech,,
1235.npy,Speech,,
1236.npy,Speech,,
1237.npy,Speech,,
1238.npy,Speech,,
1239.npy,Speech,,
124.npy,Electric_shaver_toothbrush,Speech,
1240.npy,Speech,,
1241.npy,Speech,,
1242.npy,Speech,,
1243.npy,Speech,,
1244.npy,Electric_shaver_toothbrush,Speech,
1245.npy,Speech,,
1246.npy,Electric_shaver_toothbrush,Speech,
1247.npy,Speech,,
1248.npy,Speech,,
1249.npy,Speech,,
125.npy,Speech,,
1250.npy,Speech,,
1251.npy,Speech,,
1252.npy,Speech,,
1253.npy,Speech,Vacuum_cleaner,
1254.npy,Speech,,
1255.npy,Speech,,
1256.npy,Speech,,
1257.npy,Speech,,
1258.npy,Speech,,
1259.npy,Speech,,
126.npy,Speech,,
1260.npy,Speech,,
1261.npy,Speech,,
1262.npy,Speech,,
1263.npy,Speech,,
1264.npy,Speech,,
1265.npy,Speech,,
1266.npy,Speech,,
1267.npy,Dishes,Frying,Speech
1268.npy,Speech,,
1269.npy,Speech,,
127.npy,Speech,,
1270.npy,Speech,,
1271.npy,Speech,,
1272.npy,Speech,,
1273.npy,Speech,,
1274.npy,Speech,,
1275.npy,Electric_shaver_toothbrush,Speech,
1276.npy,Speech,,
1277.npy,Speech,,
1278.npy,Speech,,
1279.npy,Speech,,
128.npy,Speech,,
1280.npy,Speech,,
1281.npy,Speech,,
1282.npy,Speech,,
1283.npy,Speech,,
1284.npy,Speech,,
1285.npy,Speech,,
1286.npy,Electric_shaver_toothbrush,Speech,
1287.npy,Speech,,
1288.npy,Speech,,
1289.npy,Speech,,
129.npy,Speech,Vacuum_cleaner,
1290.npy,Speech,,
1291.npy,Speech,,
1292.npy,Speech,,
1293.npy,Speech,,
1294.npy,Speech,,
1295.npy,Speech,,
1296.npy,Frying,Speech,
1297.npy,Speech,,
1298.npy,Speech,,
1299.npy,Speech,Vacuum_cleaner,
13.npy,Speech,,
130.npy,Speech,,
1300.npy,Speech,,
1301.npy,Speech,,
1302.npy,Speech,,
1303.npy,Speech,,
1304.npy,Speech,,
1305.npy,Speech,,
1306.npy,Speech,,
1307.npy,Speech,,
1308.npy,Speech,,
1309.npy,Speech,,
131.npy,Speech,,
1310.npy,Speech,,
1311.npy,Speech,,
1312.npy,Speech,,
1313.npy,Speech,,
1314.npy,Speech,Vacuum_cleaner,
1315.npy,Speech,,
1316.npy,Speech,,
1317.npy,Speech,,
1318.npy,Speech,,
1319.npy,Speech,,
132.npy,Speech,,
1320.npy,Speech,,
1321.npy,Speech,,
1322.npy,Speech,,
1323.npy,Speech,,
1324.npy,Speech,,
1325.npy,Speech,,
1326.npy,Speech,,
1327.npy,Speech,,
1328.npy,Speech,,
1329.npy,Speech,,
133.npy,Speech,,
1330.npy,Speech,,
1331.npy,Speech,,
1332.npy,Electric_shaver_toothbrush,Speech,
1333.npy,Speech,,
1334.npy,Speech,,
1335.npy,Speech,,
1336.npy,Frying,Speech,
1337.npy,Speech,,
1338.npy,Speech,,
1339.npy,Speech,,
134.npy,Electric_shaver_toothbrush,Speech,
1340.npy,Electric_shaver_toothbrush,Speech,
1341.npy,Electric_shaver_toothbrush,Speech,
1342.npy,Speech,,
1343.npy,Speech,Vacuum_cleaner,
1344.npy,Speech,,
1345.npy,Speech,,
1346.npy,Speech,,
1347.npy,Speech,,
1348.npy,Speech,,
1349.npy,Speech,,
135.npy,Speech,,
1350.npy,Speech,Vacuum_cleaner,
1351.npy,Speech,,
1352.npy,Speech,,
1353.npy,Speech,,
1354.npy,Frying,Speech,
1355.npy,Speech,,
1356.npy,Electric_shaver_toothbrush,Speech,
1357.npy,Speech,,
1358.npy,Speech,,
1359.npy,Speech,,
136.npy,Speech,,
1360.npy,Speech,,
1361.npy,Speech,,
1362.npy,Speech,,
1363.npy,Speech,,
1364.npy,Speech,,
1365.npy,Frying,Speech,
1366.npy,Electric_shaver_toothbrush,Speech,
1367.npy,Speech,,
1368.npy,Speech,,
1369.npy,Speech,,
137.npy,Speech,,
1370.npy,Speech,,
1371.npy,Speech,,
1372.npy,Speech,,
1373.npy,Speech,,
1374.npy,Speech,,
1375.npy,Speech,,
1376.npy,Speech,,
1377.npy,Speech,,
1378.npy,Speech,,
1379.npy,Speech,,
138.npy,Speech,,
1380.npy,Speech,,
1381.npy,Electric_shaver_toothbrush,Speech,
1382.npy,Speech,Vacuum_cleaner,
1383.npy,Speech,,
1384.npy,Speech,,
1385.npy,Speech,,
1386.npy,Speech,,
1387.npy,Speech,,
1388.npy,Speech,,
1389.npy,Speech,,
139.npy,Speech,,
1390.npy,Speech,,
1391.npy,Speech,,
1392.npy,Electric_shaver_toothbrush,Speech,
1393.npy,Speech,,
1394.npy,Speech,,
1395.npy,Speech,,
1396.npy,Speech,,
1397.npy,Speech,,
1398.npy,Speech,,
1399.npy,Speech,,
14.npy,Speech,,
140.npy,Speech,,
1400.npy,Speech,,
1401.npy,Speech,,
1402.npy,Speech,,
1403.npy,Speech,,
1404.npy,Electric_shaver_toothbrush,Speech,
1405.npy,Speech,,
1406.npy,Speech,,
1407.npy,Speech,,
1408.npy,Speech,,
1409.npy,Frying,Speech,
141.npy,Speech,,
1410.npy,Speech,,
1411.npy,Speech,,
1412.npy,Speech,,
1413.npy,Speech,,
1414.npy,Speech,,
1415.npy,Speech,,
1416.npy,Speech,,
1417.npy,Speech,,
1418.npy,Electric_shaver_toothbrush,Frying,Speech
1419.npy,Speech,,
142.npy,Speech,,
1420.npy,Speech,,
1421.npy,Speech,,
1422.npy,Speech,,
1423.npy,Speech,,
1424.npy,Speech,,
1425.npy,Speech,,
1426.npy,Speech,,
1427.npy,Speech,,
1428.npy,Speech,,
1429.npy,Speech,,
143.npy,Speech,,
1430.npy,Speech,,
1431.npy,Speech,,
1432.npy,Speech,,
1433.npy,Speech,,
1434.npy,Speech,,
1435.npy,Speech,,
1436.npy,Speech,,
1437.npy,Speech,,
1438.npy,Speech,,
1439.npy,Speech,,
144.npy,Speech,,
1440.npy,Speech,,
1441.npy,Speech,,
1442.npy,Speech,,
1443.npy,Speech,,
1444.npy,Speech,,
1445.npy,Speech,,
1446.npy,Speech,,
1447.npy,Speech,Vacuum_cleaner,
1448.npy,Speech,,
1449.npy,Speech,,
145.npy,Frying,Speech,
1450.npy,Speech,,
1451.npy,Speech,,
1452.npy,Speech,,
1453.npy,Speech,,
1454.npy,Speech,,
1455.npy,Speech,,
1456.npy,Speech,,
1457.npy,Speech,,
1458.npy,Electric_shaver_toothbrush,Speech,
1459.npy,Speech,,
146.npy,Speech,,
1460.npy,Speech,,
1461.npy,Speech,,
1462.npy,Speech,,
1463.npy,Speech,,
1464.npy,Speech,,
1465.npy,Speech,,
1466.npy,Speech,,
1467.npy,Speech,,
1468.npy,Speech,,
1469.npy,Speech,,
147.npy,Speech,,
1470.npy,Speech,,
1471.npy,Speech,,
1472.npy,Speech,,
1473.npy,Speech,,
1474.npy,Speech,,
1475.npy,Speech,,
1476.npy,Speech,,
1477.npy,Speech,,
1478.npy,Speech,,
1479.npy,Speech,,
148.npy,Speech,,
1480.npy,Speech,,
1481.npy,Speech,,
1482.npy,Speech,,
1483.npy,Speech,Vacuum_cleaner,
1484.npy,Speech,,
1485.npy,Speech,,
1486.npy,Speech,,
1487.npy,Speech,,
1488.npy,Speech,,
1489.npy,Speech,,
149.npy,Speech,,
1490.npy,Electric_shaver_toothbrush,Speech,
1491.npy,Speech,,
1492.npy,Speech,,
1493.npy,Speech,,
1494.npy,Speech,,
1495.npy,Speech,,
1496.npy,Speech,,
1497.npy,Speech,,
1498.npy,Speech,,
1499.npy,Speech,Vacuum_cleaner,
15.npy,Electric_shaver_toothbrush,Speech,
150.npy,Frying,Speech,
1500.npy,Dishes,Frying,Speech
1501.npy,Speech,,
1502.npy,Speech,,
1503.npy,Speech,,
1504.npy,Speech,,
1505.npy,Speech,,
1506.npy,Speech,,
1507.npy,Speech,,
1508.npy,Speech,,
1509.npy,Speech,,
151.npy,Speech,,
1510.npy,Speech,,
1511.npy,Speech,,
1512.npy,Speech,,
1513.npy,Speech,,
1514.npy,Speech,,
1515.npy,Frying,Speech,
1516.npy,Speech,,
1517.npy,Speech,,
1518.npy,Speech,,
1519.npy,Speech,,
152.npy,Speech,,
1520.npy,Speech,,
1521.npy,Electric_shaver_toothbrush,Speech,
1522.npy,Speech,,
1523.npy,Speech,,
1524.npy,Speech,,
1525.npy,Speech,,
1526.npy,Speech,,
1527.npy,Speech,,
1528.npy,Speech,,
1529.npy,Speech,,
153.npy,Speech,,
1530.npy,Speech,,
1531.npy,Speech,,
1532.npy,Speech,,
1533.npy,Speech,,
1534.npy,Speech,,
1535.npy,Speech,,
1536.npy,Speech,,
1537.npy,Speech,,
1538.npy,Speech,,
1539.npy,Speech,,
154.npy,Speech,,
1540.npy,Speech,,
1541.npy,Speech,,
1542.npy,Speech,,
1543.npy,Speech,Vacuum_cleaner,
1544.npy,Speech,,
1545.npy,Speech,,
1546.npy,Electric_shaver_toothbrush,Speech,
1547.npy,Speech,,
1548.npy,Speech,,
1549.npy,Speech,,
155.npy,Speech,,
1550.npy,Speech,,
1551.npy,Speech,,
1552.npy,Speech,,
1553.npy,Speech,,
1554.npy,Speech,,
1555.npy,Electric_shaver_toothbrush,Speech,
1556.npy,Speech,,
1557.npy,Speech,,
1558.npy,Speech,,
1559.npy,Speech,,
156.npy,Speech,Vacuum_cleaner,
1560.npy,Speech,,
1561.npy,Speech,,
1562.npy,Speech,,
1563.npy,Speech,,
1564.npy,Speech,,
1565.npy,Speech,,
1566.npy,Speech,,
1567.npy,Speech,,
1568.npy,Speech,,
1569.npy,Speech,,
157.npy,Speech,,
1570.npy,Speech,,
1571.npy,Speech,,
1572.npy,Speech,,
1573.npy,Speech,,
1574.npy,Speech,,
1575.npy,Electric_shaver_toothbrush,Speech,
1576.npy,Speech,,
1577.npy,Speech,Vacuum_cleaner,
1578.npy,Electric_shaver_toothbrush,Speech,
1579.npy,Speech,,
158.npy,Speech,,
1580.npy,Speech,,
1581.npy,Speech,Vacuum_cleaner,
1582.npy,Speech,,
1583.npy,Speech,,
1584.npy,Speech,,
1585.npy,Electric_shaver_toothbrush,Speech,
1586.npy,Speech,,
1587.npy,Speech,,
1588.npy,Speech,,
1589.npy,Speech,,
159.npy,Speech,,
1590.npy,Speech,,
1591.npy,Speech,,
1592.npy,Speech,,
1593.npy,Speech,,
1594.npy,Speech,,
1595.npy,Electric_shaver_toothbrush,Speech,
1596.npy,Speech,,
1597.npy,Speech,,
1598.npy,Speech,,
1599.npy,Speech,,
16.npy,Speech,,
160.npy,Speech,,
1600.npy,Speech,,
1601.npy,Speech,,
1602.npy,Speech,,
1603.npy,Speech,,
1604.npy,Speech,,
1605.npy,Speech,,
1606.npy,Speech,,
1607.npy,Speech,,
1608.npy,Speech,,
1609.npy,Speech,,
161.npy,Speech,,
1610.npy,Speech,,
1611.npy,Speech,,
1612.npy,Speech,,
1613.npy,Frying,Speech,
1614.npy,Speech,,
1615.npy,Speech,,
1616.npy,Speech,,
1617.npy,Electric_shaver_toothbrush,Speech,
1618.npy,Speech,,
1619.npy,Speech,,
162.npy,Speech,,
1620.npy,Speech,,
1621.npy,Speech,,
1622.npy,Speech,,
1623.npy,Speech,,
1624.npy,Speech,,
1625.npy,Speech,,
1626.npy,Speech,,
1627.npy,Speech,,
1628.npy,Speech,,
1629.npy,Speech,,
163.npy,Speech,,
1630.npy,Electric_shaver_toothbrush,Speech,
1631.npy,Electric_shaver_toothbrush,Speech,
1632.npy,Speech,,
1633.npy,Speech,,
1634.npy,Speech,,
1635.npy,Speech,,
1636.npy,Speech,,
1637.npy,Speech,,
1638.npy,Speech,,
1639.npy,Speech,,
164.npy,Speech,,
1640.npy,Speech,,
1641.npy,Speech,,
1642.npy,Speech,,
1643.npy,Electric_shaver_toothbrush,Frying,Speech
1644.npy,Speech,,
1645.npy,Speech,,
1646.npy,Speech,,
1647.npy,Speech,,
1648.npy,Dishes,Frying,Speech
1649.npy,Speech,,
165.npy,Speech,,
1650.npy,Speech,,
1651.npy,Speech,,
1652.npy,Speech,,
1653.npy,Frying,Speech,
1654.npy,Speech,,
1655.npy,Speech,,
1656.npy,Speech,,
1657.npy,Speech,,
1658.npy,Speech,,
1659.npy,Frying,Speech,
166.npy,Speech,,
1660.npy,Speech,,
1661.npy,Electric_shaver_toothbrush,Speech,
1662.npy,Speech,,
1663.npy,Speech,,
1664.npy,Speech,,
1665.npy,Speech,,
1666.npy,Speech,,
1667.npy,Speech,,
1668.npy,Speech,,
1669.npy,Speech,,
167.npy,Speech,,
1670.npy,Speech,,
1671.npy,Speech,,
1672.npy,Speech,,
1673.npy,Speech,,
1674.npy,Speech,,
1675.npy,Speech,,
1676.npy,Speech,,
1677.npy,Speech,,
1678.npy,Speech,,
1679.npy,Speech,Vacuum_cleaner,
168.npy,Speech,,
1680.npy,Speech,,
1681.npy,Speech,,
1682.npy,Speech,,
1683.npy,Speech,,
1684.npy,Speech,,
1685.npy,Speech,,
1686.npy,Speech,Vacuum_cleaner,
1687.npy,Speech,,
1688.npy,Speech,,
1689.npy,Speech,,
169.npy,Speech,,
1690.npy,Speech,,
1691.npy,Speech,,
1692.npy,Speech,,
1693.npy,Electric_shaver_toothbrush,Speech,
1694.npy,Speech,,
1695.npy,Speech,,
1696.npy,Speech,,
1697.npy,Speech,Vacuum_cleaner,
1698.npy,Speech,,
1699.npy,Speech,Vacuum_cleaner,
17.npy,Speech,,
170.npy,Speech,,
1700.npy,Speech,,
1701.npy,Speech,,
1702.npy,Speech,,
1703.npy,Electric_shaver_toothbrush,Speech,
1704.npy,Speech,,
1705.npy,Speech,,
1706.npy,Electric_shaver_toothbrush,Speech,
1707.npy,Speech,,
1708.npy,Speech,,
1709.npy,Speech,,
171.npy,Speech,,
1710.npy,Speech,,
1711.npy,Speech,,
1712.npy,Speech,,
1713.npy,Speech,,
1714.npy,Speech,,
1715.npy,Speech,,
1716.npy,Speech,,
1717.npy,Speech,,
1718.npy,Speech,,
1719.npy,Speech,,
172.npy,Speech,,
1720.npy,Speech,,
1721.npy,Speech,,
1722.npy,Speech,,
1723.npy,Speech,,
1724.npy,Speech,,
1725.npy,Speech,,
1726.npy,Speech,,
1727.npy,Speech,,
1728.npy,Speech,,
1729.npy,Speech,,
173.npy,Speech,,
1730.npy,Speech,,
1731.npy,Speech,,
1732.npy,Speech,,
1733.npy,Speech,,
1734.npy,Electric_shaver_toothbrush,Speech,
1735.npy,Speech,,
1736.npy,Speech,,
1737.npy,Speech,,
1738.npy,Speech,,
1739.npy,Speech,,
174.npy,Speech,,
1740.npy,Speech,,
1741.npy,Speech,,
1742.npy,Speech,,
1743.npy,Speech,,
1744.npy,Speech,Vacuum_cleaner,
1745.npy,Speech,,
1746.npy,Speech,,
1747.npy,Speech,,
1748.npy,Speech,,
1749.npy,Speech,,
175.npy,Speech,,
1750.npy,Speech,,
1751.npy,Speech,,
1752.npy,Speech,,
1753.npy,Speech,,
1754.npy,Speech,,
1755.npy,Speech,,
1756.npy,Speech,,
1757.npy,Speech,,
1758.npy,Speech,Vacuum_cleaner,
1759.npy,Speech,,
176.npy,Speech,,
1760.npy,Electric_shaver_toothbrush,Frying,Speech
1761.npy,Speech,,
1762.npy,Speech,,
1763.npy,Speech,,
1764.npy,Speech,,
1765.npy,Speech,,
1766.npy,Electric_shaver_toothbrush,Speech,
1767.npy,Speech,,
1768.npy,Electric_shaver_toothbrush,Speech,
1769.npy,Speech,,
177.npy,Speech,,
1770.npy,Speech,,
1771.npy,Speech,,
1772.npy,Electric_shaver_toothbrush,Speech,
1773.npy,Speech,,
1774.npy,Speech,,
1775.npy,Speech,,
1776.npy,Frying,Speech,
1777.npy,Speech,,
1778.npy,Speech,,
1779.npy,Speech,,
178.npy,Speech,,
1780.npy,Speech,,
1781.npy,Speech,,
1782.npy,Electric_shaver_toothbrush,Speech,
1783.npy,Speech,,
1784.npy,Speech,,
1785.npy,Speech,,
1786.npy,Speech,,
1787.npy,Speech,,
1788.npy,Speech,,
1789.npy,Speech,Vacuum_cleaner,
179.npy,Speech,,
1790.npy,Speech,,
1791.npy,Electric_shaver_toothbrush,Speech,
1792.npy,Speech,,
1793.npy,Speech,,
1794.npy,Speech,,
1795.npy,Speech,,
1796.npy,Speech,,
1797.npy,Electric_shaver_toothbrush,Speech,
1798.npy,Speech,,
1799.npy,Speech,,
18.npy,Speech,,
180.npy,Speech,,
1800.npy,Speech,,
1801.npy,Speech,,
1802.npy,Speech,,
1803.npy,Speech,,
1804.npy,Speech,,
1805.npy,Speech,,
1806.npy,Speech,,
1807.npy,Speech,,
1808.npy,Speech,,
1809.npy,Speech,,
181.npy,Speech,,
1810.npy,Speech,,
1811.npy,Speech,,
1812.npy,Speech,,
1813.npy,Speech,,
1814.npy,Speech,,
1815.npy,Speech,,
1816.npy,Speech,,
1817.npy,Speech,,
1818.npy,Frying,Speech,
1819.npy,Electric_shaver_toothbrush,Speech,
182.npy,Electric_shaver_toothbrush,Speech,
1820.npy,Speech,,
1821.npy,Speech,,
1822.npy,Speech,Vacuum_cleaner,
1823.npy,Speech,,
1824.npy,Speech,,
1825.npy,Speech,,
1826.npy,Speech,,
1827.npy,Speech,,
1828.npy,Speech,,
1829.npy,Speech,,
183.npy,Speech,,
1830.npy,Speech,,
1831.npy,Speech,,
1832.npy,Speech,,
1833.npy,Electric_shaver_toothbrush,Speech,
1834.npy,Speech,,
1835.npy,Speech,Vacuum_cleaner,
1836.npy,Speech,,
1837.npy,Speech,,
1838.npy,Speech,,
1839.npy,Speech,,
184.npy,Speech,,
1840.npy,Speech,,
1841.npy,Speech,,
1842.npy,Speech,Vacuum_cleaner,
1843.npy,Speech,,
1844.npy,Speech,,
1845.npy,Speech,,
1846.npy,Speech,,
1847.npy,Speech,,
1848.npy,Speech,,
1849.npy,Speech,,
185.npy,Electric_shaver_toothbrush,Speech,
1850.npy,Speech,,
1851.npy,Electric_shaver_toothbrush,Speech,
1852.npy,Frying,Speech,
1853.npy,Speech,,
1854.npy,Frying,Speech,
1855.npy,Speech,,
1856.npy,Speech,,
1857.npy,Speech,,
1858.npy,Speech,,
1859.npy,Speech,,
186.npy,Speech,,
1860.npy,Speech,Vacuum_cleaner,
1861.npy,Speech,,
1862.npy,Speech,,
1863.npy,Speech,,
1864.npy,Speech,,
1865.npy,Speech,,
1866.npy,Speech,,
1867.npy,Speech,,
1868.npy,Speech,,
1869.npy,Speech,,
187.npy,Speech,,
1870.npy,Speech,,
1871.npy,Speech,,
1872.npy,Speech,,
1873.npy,Electric_shaver_toothbrush,Speech,
1874.npy,Speech,,
1875.npy,Speech,,
1876.npy,Speech,,
1877.npy,Speech,,
1878.npy,Speech,,
1879.npy,Speech,,
188.npy,Speech,,
1880.npy,Speech,,
1881.npy,Speech,,
1882.npy,Speech,,
1883.npy,Speech,Vacuum_cleaner,
1884.npy,Speech,,
1885.npy,Speech,,
1886.npy,Speech,,
1887.npy,Speech,,
1888.npy,Speech,,
1889.npy,Speech,,
189.npy,Speech,,
1890.npy,Speech,,
1891.npy,Speech,,
1892.npy,Speech,,
1893.npy,Speech,,
1894.npy,Speech,,
1895.npy,Speech,,
1896.npy,Speech,,
1897.npy,Speech,,
1898.npy,Speech,,
1899.npy,Speech,,
19.npy,Speech,,
190.npy,Speech,,
1900.npy,Speech,,
1901.npy,Speech,,
1902.npy,Speech,,
1903.npy,Frying,Speech,
1904.npy,Speech,,
1905.npy,Speech,,
1906.npy,Speech,,
1907.npy,Speech,,
1908.npy,Speech,,
1909.npy,Speech,,
191.npy,Speech,,
1910.npy,Speech,,
1911.npy,Speech,Vacuum_cleaner,
1912.npy,Speech,,
1913.npy,Speech,,
1914.npy,Speech,,
1915.npy,Speech,,
1916.npy,Electric_shaver_toothbrush,Speech,
1917.npy,Speech,,
1918.npy,Speech,,
1919.npy,Speech,,
192.npy,Speech,,
1920.npy,Speech,,
1921.npy,Speech,,
1922.npy,Electric_shaver_toothbrush,Speech,
1923.npy,Speech,,
1924.npy,Speech,,
1925.npy,Speech,,
1926.npy,Speech,,
1927.npy,Speech,,
1928.npy,Speech,,
1929.npy,Speech,,
193.npy,Speech,,
1930.npy,Speech,Vacuum_cleaner,
1931.npy,Speech,,
1932.npy,Speech,,
1933.npy,Speech,,
1934.npy,Speech,,
1935.npy,Frying,Speech,
1936.npy,Speech,,
1937.npy,Speech,,
1938.npy,Speech,,
1939.npy,Speech,,
194.npy,Speech,,
1940.npy,Speech,,
1941.npy,Speech,,
1942.npy,Speech,,
1943.npy,Speech,,
1944.npy,Speech,,
1945.npy,Speech,,
1946.npy,Speech,,
1947.npy,Speech,,
1948.npy,Speech,,
1949.npy,Speech,,
195.npy,Speech,,
1950.npy,Speech,,
1951.npy,Speech,,
1952.npy,Speech,,
1953.npy,Speech,,
1954.npy,Speech,,
1955.npy,Speech,Vacuum_cleaner,
1956.npy,Speech,Vacuum_cleaner,
1957.npy,Speech,,
1958.npy,Speech,,
1959.npy,Speech,,
196.npy,Speech,,
1960.npy,Speech,,
1961.npy,Speech,,
1962.npy,Speech,,
1963.npy,Speech,,
1964.npy,Speech,,
1965.npy,Speech,,
1966.npy,Speech,,
1967.npy,Speech,,
1968.npy,Frying,Speech,
1969.npy,Speech,,
197.npy,Speech,,
1970.npy,Speech,,
1971.npy,Speech,,
1972.npy,Speech,,
1973.npy,Speech,,
1974.npy,Speech,,
1975.npy,Speech,,
1976.npy,Speech,,
1977.npy,Speech,,
1978.npy,Speech,,
1979.npy,Speech,,
198.npy,Electric_shaver_toothbrush,Speech,
1980.npy,Speech,,
1981.npy,Electric_shaver_toothbrush,Speech,
1982.npy,Speech,,
1983.npy,Frying,Speech,
1984.npy,Speech,,
1985.npy,Speech,,
1986.npy,Speech,,
1987.npy,Speech,,
1988.npy,Speech,,
1989.npy,Speech,,
199.npy,Speech,,
1990.npy,Speech,,
1991.npy,Speech,,
1992.npy,Speech,,
1993.npy,Speech,,
1994.npy,Speech,,
1995.npy,Speech,,
1996.npy,Speech,,
1997.npy,Speech,,
1998.npy,Speech,,
1999.npy,Speech,,
2.npy,Speech,,
20.npy,Dishes,Frying,Speech
200.npy,Speech,,
2000.npy,Speech,,
2001.npy,Speech,,
2002.npy,Speech,,
2003.npy,Speech,,
2004.npy,Speech,Vacuum_cleaner,
2005.npy,Speech,,
2006.npy,Speech,,
2007.npy,Speech,,
2008.npy,Speech,,
2009.npy,Electric_shaver_toothbrush,Speech,
201.npy,Speech,,
2010.npy,Speech,,
2011.npy,Speech,,
2012.npy,Speech,,
2013.npy,Speech,,
2014.npy,Speech,,
2015.npy,Speech,,
2016.npy,Speech,,
2017.npy,Speech,,
2018.npy,Speech,,
2019.npy,Speech,,
202.npy,Speech,,
2020.npy,Speech,,
2021.npy,Speech,,
2022.npy,Speech,,
2023.npy,Speech,,
2024.npy,Speech,,
2025.npy,Electric_shaver_toothbrush,Speech,
2026.npy,Speech,,
2027.npy,Speech,,
2028.npy,Speech,,
2029.npy,Speech,,
203.npy,Speech,,
2030.npy,Speech,,
2031.npy,Speech,,
2032.npy,Speech,,
2033.npy,Speech,,
2034.npy,Speech,,
2035.npy,Speech,,
2036.npy,Speech,,
2037.npy,Speech,,
2038.npy,Speech,,
2039.npy,Electric_shaver_toothbrush,Speech,
204.npy,Speech,,
2040.npy,Speech,,
2041.npy,Speech,,
2042.npy,Speech,,
2043.npy,Speech,,
2044.npy,Speech,,
2045.npy,Speech,,
2046.npy,Speech,,
2047.npy,Speech,,
2048.npy,Speech,,
2049.npy,Speech,,
205.npy,Speech,,
2050.npy,Speech,,
2051.npy,Speech,,
2052.npy,Speech,,
2053.npy,Speech,,
2054.npy,Speech,,
2055.npy,Speech,,
2056.npy,Speech,,
2057.npy,Dishes,Frying,Speech
2058.npy,Speech,,
2059.npy,Frying,Speech,Vacuum_cleaner
206.npy,Speech,,
2060.npy,Speech,,
2061.npy,Speech,,
2062.npy,Speech,,
2063.npy,Speech,,
2064.npy,Speech,Vacuum_cleaner,
2065.npy,Speech,,
2066.npy,Speech,,
2067.npy,Speech,,
2068.npy,Speech,,
2069.npy,Speech,,
207.npy,Speech,,
2070.npy,Electric_shaver_toothbrush,Speech,
2071.npy,Speech,Vacuum_cleaner,
2072.npy,Speech,,
2073.npy,Speech,,
2074.npy,Speech,,
2075.npy,Speech,,
2076.npy,Speech,,
2077.npy,Speech,,
2078.npy,Speech,,
2079.npy,Dishes,Frying,Speech
208.npy,Speech,,
2080.npy,Speech,,
2081.npy,Speech,,
2082.npy,Speech,,
2083.npy,Speech,,
2084.npy,Speech,,
2085.npy,Speech,,
2086.npy,Speech,,
2087.npy,Speech,,
2088.npy,Speech,,
2089.npy,Speech,,
209.npy,Speech,,
2090.npy,Speech,,
2091.npy,Speech,,
2092.npy,Speech,,
2093.npy,Speech,Vacuum_cleaner,
2094.npy,Speech,,
2095.npy,Speech,,
2096.npy,Speech,,
2097.npy,Speech,,
2098.npy,Speech,,
2099.npy,Speech,,
21.npy,Speech,,
210.npy,Electric_shaver_toothbrush,Speech,
2100.npy,Speech,,
2101.npy,Speech,,
2102.npy,Speech,,
2103.npy,Speech,,
2104.npy,Speech,,
2105.npy,Speech,,
2106.npy,Speech,,
2107.npy,Speech,,
2108.npy,Speech,,
2109.npy,Speech,,
211.npy,Frying,Speech,
2110.npy,Speech,,
2111.npy,Speech,,
2112.npy,Speech,,
2113.npy,Electric_shaver_toothbrush,Frying,Speech
2114.npy,Electric_shaver_toothbrush,Speech,
2115.npy,Speech,,
2116.npy,Speech,,
2117.npy,Speech,,
2118.npy,Electric_shaver_toothbrush,Speech,
2119.npy,Speech,,
212.npy,Electric_shaver_toothbrush,Speech,
2120.npy,Speech,,
2121.npy,Speech,,
2122.npy,Speech,,
2123.npy,Speech,,
2124.npy,Speech,,
2125.npy,Speech,,
2126.npy,Speech,,
2127.npy,Speech,,
2128.npy,Speech,,
2129.npy,Speech,,
213.npy,Speech,,
2130.npy,Speech,,
2131.npy,Speech,,
2132.npy,Speech,,
2133.npy,Speech,,
2134.npy,Speech,,
2135.npy,Speech,,
2136.npy,Speech,,
2137.npy,Electric_shaver_toothbrush,Speech,
2138.npy,Speech,,
2139.npy,Speech,,
214.npy,Speech,,
2140.npy,Speech,,
2141.npy,Speech,,
2142.npy,Speech,,
2143.npy,Speech,,
2144.npy,Speech,,
2145.npy,Speech,,
2146.npy,Speech,,
2147.npy,Running_water,Speech,
2148.npy,Speech,,
2149.npy,Speech,,
215.npy,Speech,,
2150.npy,Speech,,
2151.npy,Speech,,
2152.npy,Speech,,
2153.npy,Speech,,
2154.npy,Speech,,
2155.npy,Electric_shaver_toothbrush,Speech,
2156.npy,Speech,,
2157.npy,Speech,,
2158.npy,Speech,,
2159.npy,Speech,,
216.npy,Speech,,
2160.npy,Speech,,
2161.npy,Speech,,
2162.npy,Speech,,
2163.npy,Speech,,
2164.npy,Speech,,
2165.npy,Speech,,
2166.npy,Speech,,
2167.npy,Speech,,
2168.npy,Speech,,
2169.npy,Speech,,
217.npy,Speech,,
2170.npy,Speech,,
2171.npy,Speech,,
2172.npy,Speech,,
2173.npy,Speech,Vacuum_cleaner,
2174.npy,Speech,,
2175.npy,Electric_shaver_toothbrush,Speech,
2176.npy,Dishes,Frying,Speech
2177.npy,Speech,,
2178.npy,Speech,,
2179.npy,Speech,,
218.npy,Speech,,
2180.npy,Speech,,
2181.npy,Speech,,
2182.npy,Speech,,
2183.npy,Speech,,
2184.npy,Frying,Speech,
2185.npy,Speech,,
2186.npy,Speech,,
2187.npy,Speech,,
2188.npy,Speech,,
2189.npy,Frying,Speech,
219.npy,Speech,,
2190.npy,Speech,,
2191.npy,Speech,,
2192.npy,Speech,,
2193.npy,Speech,,
2194.npy,Electric_shaver_toothbrush,Speech,
2195.npy,Speech,,
2196.npy,Speech,,
2197.npy,Speech,Vacuum_cleaner,
2198.npy,Speech,,
2199.npy,Speech,,
22.npy,Speech,,
220.npy,Speech,,
2200.npy,Speech,,
2201.npy,Speech,,
2202.npy,Speech,,
2203.npy,Speech,,
2204.npy,Speech,,
2205.npy,Speech,,
2206.npy,Speech,,
2207.npy,Speech,,
2208.npy,Speech,,
2209.npy,Electric_shaver_toothbrush,Speech,
221.npy,Speech,,
2210.npy,Speech,,
2211.npy,Electric_shaver_toothbrush,Speech,
2212.npy,Speech,,
2213.npy,Speech,,
2214.npy,Speech,,
2215.npy,Electric_shaver_toothbrush,Speech,
2216.npy,Speech,,
2217.npy,Speech,,
2218.npy,Speech,,
2219.npy,Speech,,
222.npy,Speech,Vacuum_cleaner,
2220.npy,Speech,,
2221.npy,Electric_shaver_toothbrush,Speech,
2222.npy,Speech,,
2223.npy,Speech,,
2224.npy,Speech,,
2225.npy,Electric_shaver_toothbrush,Speech,
2226.npy,Speech,,
2227.npy,Speech,,
2228.npy,Speech,,
2229.npy,Speech,,
223.npy,Speech,,
2230.npy,Speech,,
2231.npy,Speech,,
2232.npy,Frying,Speech,
2233.npy,Speech,,
2234.npy,Speech,Vacuum_cleaner,
2235.npy,Speech,,
2236.npy,Speech,,
2237.npy,Speech,,
2238.npy,Speech,,
2239.npy,Speech,,
224.npy,Speech,,
2240.npy,Speech,,
2241.npy,Speech,,
2242.npy,Frying,Speech,
2243.npy,Speech,,
2244.npy,Speech,,
2245.npy,Speech,,
2246.npy,Electric_shaver_toothbrush,Frying,Speech
2247.npy,Frying,Speech,
2248.npy,Speech,,
2249.npy,Speech,,
225.npy,Speech,,
2250.npy,Electric_shaver_toothbrush,Frying,Speech
2251.npy,Speech,,
2252.npy,Speech,,
2253.npy,Speech,,
2254.npy,Speech,,
2255.npy,Speech,,
2256.npy,Speech,,
2257.npy,Speech,,
2258.npy,Speech,,
2259.npy,Speech,,
226.npy,Speech,,
2260.npy,Speech,,
2261.npy,Speech,,
2262.npy,Speech,,
2263.npy,Dishes,Frying,Speech
2264.npy,Speech,,
2265.npy,Speech,,
2266.npy,Speech,,
2267.npy,Speech,,
2268.npy,Speech,,
2269.npy,Speech,,
227.npy,Speech,Vacuum_cleaner,
2270.npy,Speech,,
2271.npy,Speech,,
2272.npy,Electric_shaver_toothbrush,Frying,Speech
2273.npy,Speech,,
2274.npy,Electric_shaver_toothbrush,Speech,
2275.npy,Speech,,
2276.npy,Speech,,
2277.npy,Frying,Speech,
2278.npy,Speech,,
2279.npy,Speech,,
228.npy,Speech,,
2280.npy,Speech,,
2281.npy,Speech,,
2282.npy,Speech,,
2283.npy,Speech,,
2284.npy,Speech,,
2285.npy,Speech,,
2286.npy,Speech,,
2287.npy,Speech,,
2288.npy,Speech,,
2289.npy,Speech,,
229.npy,Speech,,
2290.npy,Speech,,
2291.npy,Speech,,
2292.npy,Speech,,
2293.npy,Speech,,
2294.npy,Speech,,
2295.npy,Speech,,
2296.npy,Speech,,
2297.npy,Speech,,
2298.npy,Speech,,
2299.npy,Speech,,
23.npy,Speech,,
230.npy,Speech,,
2300.npy,Speech,,
2301.npy,Speech,,
2302.npy,Speech,Vacuum_cleaner,
2303.npy,Speech,,
2304.npy,Speech,,
2305.npy,Speech,,
2306.npy,Speech,,
2307.npy,Speech,,
2308.npy,Electric_shaver_toothbrush,Speech,
2309.npy,Speech,,
231.npy,Speech,,
2310.npy,Speech,,
2311.npy,Speech,Vacuum_cleaner,
2312.npy,Speech,,
2313.npy,Speech,,
2314.npy,Speech,,
2315.npy,Speech,,
2316.npy,Speech,,
2317.npy,Speech,,
2318.npy,Speech,,
2319.npy,Speech,,
232.npy,Speech,,
2320.npy,Speech,,
2321.npy,Speech,,
2322.npy,Speech,,
2323.npy,Electric_shaver_toothbrush,Speech,
2324.npy,Speech,,
2325.npy,Speech,,
2326.npy,Speech,,
2327.npy,Speech,,
2328.npy,Speech,,
2329.npy,Speech,,
233.npy,Speech,,
2330.npy,Speech,,
2331.npy,Speech,,
2332.npy,Speech,,
2333.npy,Speech,,
2334.npy,Speech,,
2335.npy,Speech,,
2336.npy,Speech,,
2337.npy,Speech,,
2338.npy,Speech,,
2339.npy,Speech,,
234.npy,Speech,,
2340.npy,Speech,,
2341.npy,Speech,,
2342.npy,Speech,,
2343.npy,Frying,Speech,
2344.npy,Speech,,
2345.npy,Speech,,
2346.npy,Speech,,
2347.npy,Speech,,
2348.npy,Speech,,
2349.npy,Speech,,
235.npy,Speech,,
2350.npy,Speech,,
2351.npy,Speech,,
2352.npy,Speech,,
2353.npy,Speech,,
2354.npy,Speech,,
2355.npy,Speech,,
2356.npy,Speech,,
2357.npy,Speech,,
2358.npy,Speech,,
2359.npy,Electric_shaver_toothbrush,Speech,
236.npy,Speech,,
2360.npy,Speech,,
2361.npy,Speech,,
2362.npy,Speech,,
2363.npy,Speech,,
2364.npy,Speech,,
2365.npy,Speech,,
2366.npy,Speech,,
2367.npy,Electric_shaver_toothbrush,Speech,
2368.npy,Speech,Vacuum_cleaner,
2369.npy,Speech,,
237.npy,Speech,,
2370.npy,Running_water,Speech,
2371.npy,Speech,,
2372.npy,Speech,,
2373.npy,Speech,Vacuum_cleaner,
2374.npy,Speech,,
2375.npy,Speech,,
2376.npy,Electric_shaver_toothbrush,Speech,
2377.npy,Speech,,
2378.npy,Electric_shaver_toothbrush,Speech,
2379.npy,Speech,,
238.npy,Speech,,
2380.npy,Speech,,
2381.npy,Electric_shaver_toothbrush,Speech,
2382.npy,Speech,,
2383.npy,Speech,,
2384.npy,Electric_shaver_toothbrush,Speech,
2385.npy,Electric_shaver_toothbrush,Speech,
2386.npy,Speech,,
2387.npy,Speech,,
2388.npy,Speech,,
2389.npy,Speech,,
239.npy,Frying,Speech,
2390.npy,Speech,,
2391.npy,Speech,,
2392.npy,Speech,,
2393.npy,Speech,,
2394.npy,Speech,,
2395.npy,Electric_shaver_toothbrush,Speech,
2396.npy,Speech,Vacuum_cleaner,
2397.npy,Speech,,
2398.npy,Speech,,
2399.npy,Speech,,
24.npy,Speech,,
240.npy,Speech,,
2400.npy,Speech,,
2401.npy,Speech,,
2402.npy,Speech,,
2403.npy,Speech,,
2404.npy,Speech,,
2405.npy,Speech,,
2406.npy,Speech,,
2407.npy,Speech,,
2408.npy,Speech,,
2409.npy,Speech,,
241.npy,Electric_shaver_toothbrush,Speech,
2410.npy,Speech,,
2411.npy,Speech,,
2412.npy,Frying,Speech,
2413.npy,Speech,,
2414.npy,Speech,,
2415.npy,Speech,Vacuum_cleaner,
2416.npy,Speech,,
2417.npy,Speech,,
2418.npy,Speech,,
2419.npy,Speech,,
242.npy,Speech,,
2420.npy,Speech,,
2421.npy,Speech,,
2422.npy,Frying,Speech,
2423.npy,Speech,,
2424.npy,Speech,,
2425.npy,Speech,,
2426.npy,Speech,,
2427.npy,Speech,,
2428.npy,Speech,,
2429.npy,Speech,,
243.npy,Speech,,
2430.npy,Speech,,
2431.npy,Speech,,
2432.npy,Speech,,
2433.npy,Speech,,
2434.npy,Speech,,
2435.npy,Speech,,
2436.npy,Speech,,
2437.npy,Speech,,
2438.npy,Speech,,
2439.npy,Speech,,
244.npy,Frying,Speech,
2440.npy,Speech,,
2441.npy,Speech,,
2442.npy,Speech,,
2443.npy,Speech,,
2444.npy,Speech,,
2445.npy,Speech,,
2446.npy,Speech,,
2447.npy,Speech,,
2448.npy,Speech,,
2449.npy,Electric_shaver_toothbrush,Frying,Speech
245.npy,Speech,Vacuum_cleaner,
2450.npy,Speech,,
2451.npy,Speech,,
2452.npy,Speech,,
2453.npy,Speech,,
2454.npy,Speech,,
2455.npy,Speech,,
2456.npy,Speech,,
2457.npy,Speech,,
2458.npy,Speech,,
2459.npy,Speech,,
246.npy,Speech,Vacuum_cleaner,
2460.npy,Speech,,
2461.npy,Speech,,
2462.npy,Speech,,
2463.npy,Speech,,
2464.npy,Electric_shaver_toothbrush,Speech,
2465.npy,Speech,,
2466.npy,Speech,,
2467.npy,Speech,,
2468.npy,Speech,,
2469.npy,Speech,,
247.npy,Electric_shaver_toothbrush,Speech,
2470.npy,Speech,,
2471.npy,Speech,,
2472.npy,Speech,,
2473.npy,Speech,,
2474.npy,Speech,Vacuum_cleaner,
2475.npy,Speech,,
2476.npy,Speech,,
2477.npy,Frying,Speech,Vacuum_cleaner
2478.npy,Speech,,
2479.npy,Speech,,
248.npy,Speech,,
2480.npy,Speech,,
2481.npy,Speech,,
2482.npy,Speech,,
2483.npy,Speech,,
2484.npy,Electric_shaver_toothbrush,Speech,
2485.npy,Speech,,
2486.npy,Speech,,
2487.npy,Speech,,
2488.npy,Speech,,
2489.npy,Speech,,
249.npy,Electric_shaver_toothbrush,Speech,
2490.npy,Speech,,
2491.npy,Speech,,
2492.npy,Speech,,
2493.npy,Speech,,
2494.npy,Speech,,
2495.npy,Speech,,
2496.npy,Speech,,
2497.npy,Speech,Vacuum_cleaner,
2498.npy,Speech,,
2499.npy,Frying,Speech,
25.npy,Speech,,
250.npy,Speech,,
251.npy,Speech,,
252.npy,Speech,,
253.npy,Speech,,
254.npy,Speech,,
255.npy,Frying,Speech,
256.npy,Speech,,
257.npy,Speech,,
258.npy,Speech,,
259.npy,Frying,Speech,
26.npy,Speech,,
260.npy,Electric_shaver_toothbrush,Speech,
261.npy,Running_water,Speech,
262.npy,Speech,,
263.npy,Speech,,
264.npy,Speech,,
265.npy,Speech,,
266.npy,Speech,Vacuum_cleaner,
267.npy,Speech,,
268.npy,Speech,,
269.npy,Speech,,
27.npy,Speech,,
270.npy,Speech,,
271.npy,Speech,,
272.npy,Speech,,
273.npy,Frying,Speech,
274.npy,Speech,,
275.npy,Speech,,
276.npy,Speech,,
277.npy,Speech,,
278.npy,Electric_shaver_toothbrush,Speech,
279.npy,Speech,,
28.npy,Speech,Vacuum_cleaner,
280.npy,Speech,,
281.npy,Speech,,
282.npy,Speech,,
283.npy,Speech,,
284.npy,Speech,,
285.npy,Speech,,
286.npy,Speech,,
287.npy,Speech,,
288.npy,Speech,,
289.npy,Speech,,
29.npy,Speech,,
290.npy,Speech,,
291.npy,Speech,,
292.npy,Speech,,
293.npy,Speech,Vacuum_cleaner,
294.npy,Electric_shaver_toothbrush,Speech,
295.npy,Speech,,
296.npy,Speech,,
297.npy,Frying,Speech,
298.npy,Speech,,
299.npy,Speech,,
3.npy,Running_water,Speech,
30.npy,Speech,,
300.npy,Speech,,
301.npy,Speech,,
302.npy,Speech,,
303.npy,Speech,,
304.npy,Speech,,
305.npy,Speech,,
306.npy,Speech,,
307.npy,Electric_shaver_toothbrush,Frying,Speech
308.npy,Frying,Speech,
309.npy,Speech,,
31.npy,Speech,Vacuum_cleaner,
310.npy,Speech,,
311.npy,Speech,,
312.npy,Speech,,
313.npy,Speech,,
314.npy,Speech,,
315.npy,Electric_shaver_toothbrush,Speech,
316.npy,Speech,,
317.npy,Speech,,
318.npy,Speech,,
319.npy,Speech,,
32.npy,Speech,,
320.npy,Speech,,
321.npy,Speech,,
322.npy,Speech,,
323.npy,Speech,,
324.npy,Speech,,
325.npy,Speech,,
326.npy,Speech,,
327.npy,Speech,,
328.npy,Electric_shaver_toothbrush,Speech,
329.npy,Speech,,
33.npy,Speech,,
330.npy,Speech,,
331.npy,Speech,,
332.npy,Speech,,
333.npy,Speech,,
334.npy,Speech,,
335.npy,Speech,,
336.npy,Speech,,
337.npy,Speech,,
338.npy,Speech,,
339.npy,Speech,,
34.npy,Speech,,
340.npy,Speech,,
341.npy,Speech,,
342.npy,Speech,,
343.npy,Speech,,
344.npy,Speech,,
345.npy,Speech,,
346.npy,Speech,,
347.npy,Speech,,
348.npy,Speech,,
349.npy,Speech,,
35.npy,Electric_shaver_toothbrush,Speech,
350.npy,Speech,,
351.npy,Speech,Vacuum_cleaner,
352.npy,Speech,,
353.npy,Speech,,
354.npy,Speech,Vacuum_cleaner,
355.npy,Frying,Speech,
356.npy,Speech,Vacuum_cleaner,
357.npy,Speech,,
358.npy,Speech,,
359.npy,Speech,,
36.npy,Speech,,
360.npy,Speech,Vacuum_cleaner,
361.npy,Speech,,
362.npy,Speech,,
363.npy,Speech,,
364.npy,Speech,,
365.npy,Speech,,
366.npy,Speech,,
367.npy,Electric_shaver_toothbrush,Speech,
368.npy,Speech,,
369.npy,Speech,,
37.npy,Frying,Speech,Vacuum_cleaner
370.npy,Speech,,
371.npy,Speech,,
372.npy,Speech,,
373.npy,Speech,,
374.npy,Electric_shaver_toothbrush,Speech,
375.npy,Speech,,
376.npy,Speech,,
377.npy,Speech,,
378.npy,Speech,,
379.npy,Speech,,
38.npy,Speech,,
380.npy,Speech,,
381.npy,Speech,,
382.npy,Electric_shaver_toothbrush,Speech,
383.npy,Speech,,
384.npy,Speech,,
385.npy,Electric_shaver_toothbrush,Speech,
386.npy,Frying,Speech,
387.npy,Speech,,
388.npy,Speech,,
389.npy,Speech,Vacuum_cleaner,
39.npy,Speech,,
390.npy,Electric_shaver_toothbrush,Speech,
391.npy,Speech,,
392.npy,Frying,Speech,
393.npy,Speech,,
394.npy,Speech,,
395.npy,Speech,,
396.npy,Speech,,
397.npy,Speech,,
398.npy,Speech,,
399.npy,Speech,,
4.npy,Speech,,
40.npy,Speech,,
400.npy,Electric_shaver_toothbrush,Speech,
401.npy,Speech,,
402.npy,Speech,,
403.npy,Frying,Speech,
404.npy,Frying,Speech,
405.npy,Speech,,
406.npy,Speech,,
407.npy,Speech,,
408.npy,Speech,,
409.npy,Speech,,
41.npy,Speech,,
410.npy,Speech,,
411.npy,Speech,,
412.npy,Speech,,
413.npy,Speech,,
414.npy,Speech,,
415.npy,Speech,,
416.npy,Speech,,
417.npy,Speech,,
418.npy,Speech,Vacuum_cleaner,
419.npy,Electric_shaver_toothbrush,Speech,
42.npy,Speech,,
420.npy,Speech,,
421.npy,Speech,,
422.npy,Speech,,
423.npy,Speech,,
424.npy,Speech,,
425.npy,Speech,,
426.npy,Speech,,
427.npy,Dishes,Frying,Speech
428.npy,Speech,,
429.npy,Speech,Vacuum_cleaner,
43.npy,Speech,,
430.npy,Speech,,
431.npy,Speech,,
432.npy,Speech,,
433.npy,Speech,,
434.npy,Speech,,
435.npy,Speech,,
436.npy,Speech,,
437.npy,Speech,,
438.npy,Speech,,
439.npy,Speech,,
44.npy,Speech,,
440.npy,Speech,,
441.npy,Speech,,
442.npy,Speech,,
443.npy,Speech,,
444.npy,Speech,,
445.npy,Speech,,
446.npy,Electric_shaver_toothbrush,Speech,
447.npy,Speech,,
448.npy,Frying,Speech,
449.npy,Speech,,
45.npy,Speech,,
450.npy,Frying,Speech,
451.npy,Speech,,
452.npy,Speech,,
453.npy,Speech,,
454.npy,Speech,,
455.npy,Speech,,
456.npy,Frying,Speech,
457.npy,Speech,,
458.npy,Electric_shaver_toothbrush,Speech,
459.npy,Speech,,
46.npy,Speech,,
460.npy,Speech,,
461.npy,Speech,,
462.npy,Speech,,
463.npy,Speech,,
464.npy,Speech,,
465.npy,Speech,,
466.npy,Speech,,
467.npy,Speech,,
468.npy,Speech,,
469.npy,Speech,,
47.npy,Speech,,
470.npy,Speech,,
471.npy,Speech,,
472.npy,Speech,,
473.npy,Speech,,
474.npy,Electric_shaver_toothbrush,Speech,
475.npy,Speech,,
476.npy,Speech,,
477.npy,Speech,,
478.npy,Speech,,
479.npy,Speech,,
48.npy,Electric_shaver_toothbrush,Speech,
480.npy,Speech,,
481.npy,Speech,Vacuum_cleaner,
482.npy,Speech,,
483.npy,Speech,,
484.npy,Speech,,
485.npy,Speech,,
486.npy,Speech,,
487.npy,Speech,,
488.npy,Speech,,
489.npy,Speech,,
49.npy,Speech,,
490.npy,Speech,,
491.npy,Speech,,
492.npy,Speech,,
493.npy,Speech,,
494.npy,Speech,,
495.npy,Speech,,
496.npy,Speech,,
497.npy,Speech,,
498.npy,Speech,,
499.npy,Speech,Vacuum_cleaner,
5.npy,Speech,,
50.npy,Speech,,
500.npy,Speech,,
501.npy,Speech,,
502.npy,Speech,,
503.npy,Running_water,Speech,
504.npy,Speech,,
505.npy,Electric_shaver_toothbrush,Speech,
506.npy,Dishes,Frying,Speech
507.npy,Electric_shaver_toothbrush,Speech,
508.npy,Speech,,
509.npy,Speech,,
51.npy,Speech,,
510.npy,Speech,,
511.npy,Speech,,
512.npy,Speech,,
513.npy,Speech,,
514.npy,Speech,,
515.npy,Speech,,
516.npy,Speech,,
517.npy,Speech,,
518.npy,Speech,,
519.npy,Speech,,
52.npy,Speech,,
520.npy,Speech,,
521.npy,Speech,,
522.npy,Speech,,
523.npy,Speech,,
524.npy,Speech,,
525.npy,Speech,,
526.npy,Speech,,
527.npy,Speech,,
528.npy,Speech,,
529.npy,Speech,,
53.npy,Speech,,
530.npy,Speech,Vacuum_cleaner,
531.npy,Speech,,
532.npy,Electric_shaver_toothbrush,Speech,
533.npy,Speech,Vacuum_cleaner,
534.npy,Speech,,
535.npy,Speech,,
536.npy,Electric_shaver_toothbrush,Speech,
537.npy,Speech,Vacuum_cleaner,
538.npy,Speech,,
539.npy,Speech,,
54.npy,Speech,,
540.npy,Speech,,
541.npy,Speech,,
542.npy,Speech,,
543.npy,Speech,,
544.npy,Speech,,
545.npy,Speech,,
546.npy,Speech,,
547.npy,Speech,,
548.npy,Speech,,
549.npy,Speech,,
55.npy,Speech,,
550.npy,Speech,,
551.npy,Speech,,
552.npy,Speech,,
553.npy,Speech,,
554.npy,Frying,Speech,
555.npy,Frying,Speech,
556.npy,Speech,,
557.npy,Speech,,
558.npy,Speech,,
559.npy,Speech,,
56.npy,Speech,,
560.npy,Speech,,
561.npy,Speech,,
562.npy,Speech,,
563.npy,Speech,,
564.npy,Speech,,
565.npy,Speech,,
566.npy,Speech,,
567.npy,Speech,,
568.npy,Speech,,
569.npy,Speech,,
57.npy,Speech,,
570.npy,Speech,,
571.npy,Speech,,
572.npy,Speech,,
573.npy,Speech,,
574.npy,Speech,,
575.npy,Speech,,
576.npy,Speech,Vacuum_cleaner,
577.npy,Speech,,
578.npy,Speech,,
579.npy,Speech,,
58.npy,Speech,,
580.npy,Speech,,
581.npy,Speech,,
582.npy,Speech,,
583.npy,Speech,,
584.npy,Speech,,
585.npy,Speech,,
586.npy,Speech,,
587.npy,Speech,,
588.npy,Speech,,
589.npy,Speech,,
59.npy,Speech,,
590.npy,Speech,,
591.npy,Speech,,
592.npy,Speech,,
593.npy,Speech,,
594.npy,Speech,,
595.npy,Speech,,
596.npy,Speech,,
597.npy,Speech,,
598.npy,Speech,,
599.npy,Speech,,
6.npy,Speech,,
60.npy,Speech,,
600.npy,Speech,,
601.npy,Speech,,
602.npy,Speech,,
603.npy,Electric_shaver_toothbrush,Speech,
604.npy,Electric_shaver_toothbrush,Speech,
605.npy,Electric_shaver_toothbrush,Speech,
606.npy,Speech,,
607.npy,Speech,,
608.npy,Speech,,
609.npy,Speech,Vacuum_cleaner,
61.npy,Speech,,
610.npy,Speech,,
611.npy,Speech,,
612.npy,Speech,,
613.npy,Speech,,
614.npy,Speech,,
615.npy,Speech,,
616.npy,Speech,Vacuum_cleaner,
617.npy,Speech,,
618.npy,Speech,,
619.npy,Speech,,
62.npy,Speech,,
620.npy,Speech,,
621.npy,Speech,,
622.npy,Speech,,
623.npy,Speech,,
624.npy,Speech,,
625.npy,Electric_shaver_toothbrush,Speech,
626.npy,Speech,,
627.npy,Frying,Speech,
628.npy,Speech,,
629.npy,Speech,,
63.npy,Speech,,
630.npy,Speech,,
631.npy,Speech,,
632.npy,Speech,,
633.npy,Speech,,
634.npy,Speech,,
635.npy,Speech,,
636.npy,Speech,,
637.npy,Speech,,
638.npy,Speech,,
639.npy,Speech,,
64.npy,Speech,,
640.npy,Speech,,
641.npy,Speech,,
642.npy,Speech,,
643.npy,Speech,,
644.npy,Speech,,
645.npy,Speech,,
646.npy,Speech,,
647.npy,Speech,,
648.npy,Speech,,
649.npy,Speech,,
65.npy,Speech,,
650.npy,Speech,,
651.npy,Speech,,
652.npy,Speech,,
653.npy,Speech,,
654.npy,Speech,,
655.npy,Speech,,
656.npy,Speech,,
657.npy,Speech,,
658.npy,Speech,,
659.npy,Speech,,
66.npy,Speech,Vacuum_cleaner,
660.npy,Speech,,
661.npy,Speech,,
662.npy,Speech,,
663.npy,Speech,,
664.npy,Speech,,
665.npy,Speech,,
666.npy,Frying,Speech,
667.npy,Speech,,
668.npy,Speech,,
669.npy,Speech,Vacuum_cleaner,
67.npy,Speech,,
670.npy,Speech,Vacuum_cleaner,
671.npy,Speech,,
672.npy,Speech,,
673.npy,Speech,,
674.npy,Speech,,
675.npy,Speech,,
676.npy,Speech,,
677.npy,Speech,,
678.npy,Speech,,
679.npy,Electric_shaver_toothbrush,Speech,
68.npy,Speech,,
680.npy,Speech,,
681.npy,Speech,,
682.npy,Speech,,
683.npy,Speech,,
684.npy,Speech,,
685.npy,Speech,,
686.npy,Speech,,
687.npy,Speech,,
688.npy,Speech,,
689.npy,Speech,Vacuum_cleaner,
69.npy,Speech,,
690.npy,Speech,,
691.npy,Speech,,
692.npy,Speech,,
693.npy,Speech,,
694.npy,Speech,,
695.npy,Speech,,
696.npy,Speech,,
697.npy,Speech,,
698.npy,Speech,,
699.npy,Speech,,
7.npy,Speech,Vacuum_cleaner,
70.npy,Speech,,
700.npy,Speech,,
701.npy,Speech,,
702.npy,Speech,Vacuum_cleaner,
703.npy,Speech,,
704.npy,Speech,,
705.npy,Speech,,
706.npy,Speech,,
707.npy,Electric_shaver_toothbrush,Speech,
708.npy,Speech,,
709.npy,Frying,Speech,
71.npy,Speech,,
710.npy,Speech,Vacuum_cleaner,
711.npy,Speech,,
712.npy,Speech,,
713.npy,Speech,,
714.npy,Speech,Vacuum_cleaner,
715.npy,Speech,,
716.npy,Frying,Speech,
717.npy,Frying,Speech,
718.npy,Speech,,
719.npy,Speech,,
72.npy,Speech,,
720.npy,Speech,,
721.npy,Speech,,
722.npy,Speech,,
723.npy,Speech,,
724.npy,Speech,,
725.npy,Speech,,
726.npy,Speech,,
727.npy,Speech,,
728.npy,Speech,,
729.npy,Speech,Vacuum_cleaner,
73.npy,Speech,,
730.npy,Speech,,
731.npy,Speech,,
732.npy,Electric_shaver_toothbrush,Speech,
733.npy,Frying,Speech,
734.npy,Speech,,
735.npy,Speech,,
736.npy,Speech,,
737.npy,Speech,,
738.npy,Speech,,
739.npy,Speech,,
74.npy,Speech,,
740.npy,Speech,,
741.npy,Speech,,
742.npy,Speech,,
743.npy,Speech,,
744.npy,Electric_shaver_toothbrush,Speech,
745.npy,Speech,,
746.npy,Speech,,
747.npy,Speech,,
748.npy,Speech,,
749.npy,Speech,Vacuum_cleaner,
75.npy,Frying,Speech,
750.npy,Speech,,
751.npy,Electric_shaver_toothbrush,Speech,
752.npy,Speech,,
753.npy,Speech,,
754.npy,Speech,,
755.npy,Electric_shaver_toothbrush,Speech,
756.npy,Speech,Vacuum_cleaner,
757.npy,Speech,,
758.npy,Speech,,
759.npy,Speech,,
76.npy,Speech,,
760.npy,Speech,,
761.npy,Speech,,
762.npy,Speech,Vacuum_cleaner,
763.npy,Speech,,
764.npy,Electric_shaver_toothbrush,Speech,
765.npy,Speech,,
766.npy,Speech,,
767.npy,Speech,,
768.npy,Speech,,
769.npy,Speech,,
77.npy,Speech,,
770.npy,Speech,,
771.npy,Speech,,
772.npy,Speech,,
773.npy,Speech,,
774.npy,Speech,,
775.npy,Speech,,
776.npy,Speech,,
777.npy,Speech,,
778.npy,Speech,,
779.npy,Speech,,
78.npy,Speech,,
780.npy,Speech,,
781.npy,Speech,,
782.npy,Speech,,
783.npy,Speech,,
784.npy,Electric_shaver_toothbrush,Speech,
785.npy,Speech,,
786.npy,Speech,,
787.npy,Speech,,
788.npy,Speech,,
789.npy,Speech,,
79.npy,Speech,,
790.npy,Speech,,
791.npy,Speech,,
792.npy,Speech,,
793.npy,Speech,,
794.npy,Speech,,
795.npy,Electric_shaver_toothbrush,Speech,
796.npy,Speech,,
797.npy,Frying,Speech,
798.npy,Speech,,
799.npy,Speech,,
8.npy,Speech,,
80.npy,Speech,,
800.npy,Speech,,
801.npy,Speech,,
802.npy,Speech,,
803.npy,Speech,,
804.npy,Speech,,
805.npy,Speech,,
806.npy,Speech,,
807.npy,Speech,,
808.npy,Speech,,
809.npy,Speech,,
81.npy,Speech,,
810.npy,Speech,,
811.npy,Speech,,
812.npy,Speech,,
813.npy,Speech,,
814.npy,Speech,,
815.npy,Frying,Speech,
816.npy,Speech,,
817.npy,Electric_shaver_toothbrush,Speech,
818.npy,Speech,Vacuum_cleaner,
819.npy,Speech,,
82.npy,Speech,,
820.npy,Speech,,
821.npy,Speech,,
822.npy,Speech,Vacuum_cleaner,
823.npy,Speech,Vacuum_cleaner,
824.npy,Speech,,
825.npy,Speech,Vacuum_cleaner,
826.npy,Speech,,
827.npy,Speech,,
828.npy,Speech,,
829.npy,Speech,,
83.npy,Speech,,
830.npy,Frying,Speech,
831.npy,Speech,,
832.npy,Speech,,
833.npy,Speech,,
834.npy,Dishes,Frying,Speech
835.npy,Speech,,
836.npy,Speech,,
837.npy,Speech,,
838.npy,Speech,,
839.npy,Speech,,
84.npy,Speech,,
840.npy,Speech,,
841.npy,Speech,,
842.npy,Speech,,
843.npy,Speech,,
844.npy,Speech,,
845.npy,Speech,,
846.npy,Electric_shaver_toothbrush,Speech,
847.npy,Speech,,
848.npy,Speech,,
849.npy,Speech,,
85.npy,Speech,,
850.npy,Speech,Vacuum_cleaner,
851.npy,Speech,,
852.npy,Speech,,
853.npy,Speech,,
854.npy,Speech,,
855.npy,Speech,,
856.npy,Speech,,
857.npy,Electric_shaver_toothbrush,Speech,
858.npy,Speech,,
859.npy,Electric_shaver_toothbrush,Speech,
86.npy,Speech,Vacuum_cleaner,
860.npy,Frying,Speech,
861.npy,Speech,,
862.npy,Electric_shaver_toothbrush,Speech,
863.npy,Speech,,
864.npy,Speech,,
865.npy,Speech,,
866.npy,Speech,,
867.npy,Speech,,
868.npy,Speech,,
869.npy,Frying,Speech,
87.npy,Speech,,
870.npy,Speech,,
871.npy,Electric_shaver_toothbrush,Speech,
872.npy,Speech,,
873.npy,Speech,,
874.npy,Speech,,
875.npy,Speech,,
876.npy,Speech,,
877.npy,Electric_shaver_toothbrush,Speech,
878.npy,Speech,,
879.npy,Speech,,
88.npy,Speech,,
880.npy,Speech,Vacuum_cleaner,
881.npy,Speech,,
882.npy,Speech,,
883.npy,Speech,,
884.npy,Speech,,
885.npy,Speech,,
886.npy,Speech,,
887.npy,Speech,,
888.npy,Speech,,
889.npy,Speech,Vacuum_cleaner,
89.npy,Speech,,
890.npy,Speech,,
891.npy,Speech,,
892.npy,Speech,,
893.npy,Speech,,
894.npy,Speech,,
895.npy,Speech,,
896.npy,Speech,,
897.npy,Speech,,
898.npy,Speech,,
899.npy,Speech,,
9.npy,Speech,,
90.npy,Speech,,
900.npy,Speech,,
901.npy,Speech,Vacuum_cleaner,
902.npy,Speech,,
903.npy,Speech,,
904.npy,Speech,,
905.npy,Speech,,
906.npy,Speech,Vacuum_cleaner,
907.npy,Speech,,
908.npy,Speech,,
909.npy,Speech,,
91.npy,Speech,,
910.npy,Speech,,
911.npy,Speech,,
912.npy,Speech,,
913.npy,Speech,,
914.npy,Speech,,
915.npy,Speech,,
916.npy,Speech,,
917.npy,Speech,Vacuum_cleaner,
918.npy,Speech,,
919.npy,Speech,,
92.npy,Speech,,
920.npy,Speech,Vacuum_cleaner,
921.npy,Speech,,
922.npy,Speech,,
923.npy,Speech,Vacuum_cleaner,
924.npy,Speech,,
925.npy,Speech,,
926.npy,Speech,,
927.npy,Speech,,
928.npy,Speech,,
929.npy,Speech,,
93.npy,Speech,,
930.npy,Speech,,
931.npy,Speech,,
932.npy,Speech,,
933.npy,Speech,,
934.npy,Speech,,
935.npy,Speech,,
936.npy,Speech,,
937.npy,Speech,,
938.npy,Speech,,
939.npy,Speech,,
94.npy,Frying,Speech,
940.npy,Speech,,
941.npy,Speech,,
942.npy,Speech,,
943.npy,Speech,,
944.npy,Speech,,
945.npy,Electric_shaver_toothbrush,Speech,
946.npy,Speech,,
947.npy,Speech,,
948.npy,Speech,,
949.npy,Speech,,
95.npy,Speech,,
950.npy,Speech,,
951.npy,Frying,Speech,
952.npy,Speech,,
953.npy,Electric_shaver_toothbrush,Speech,
954.npy,Speech,,
955.npy,Speech,,
956.npy,Speech,,
957.npy,Speech,,
958.npy,Speech,,
959.npy,Speech,,
96.npy,Speech,,
960.npy,Speech,,
961.npy,Speech,,
962.npy,Speech,,
963.npy,Speech,,
964.npy,Speech,,
965.npy,Speech,,
966.npy,Frying,Speech,
967.npy,Speech,,
968.npy,Speech,,
969.npy,Speech,,
97.npy,Speech,,
970.npy,Speech,,
971.npy,Speech,,
972.npy,Electric_shaver_toothbrush,Speech,
973.npy,Speech,,
974.npy,Speech,,
975.npy,Speech,,
976.npy,Speech,,
977.npy,Speech,,
978.npy,Speech,,
979.npy,Speech,,
98.npy,Speech,,
980.npy,Speech,,
981.npy,Speech,,
982.npy,Speech,,
983.npy,Speech,,
984.npy,Speech,,
985.npy,Speech,,
986.npy,Speech,,
987.npy,Speech,,
988.npy,Electric_shaver_toothbrush,Speech,
989.npy,Frying,Speech,
99.npy,Speech,,
990.npy,Electric_shaver_toothbrush,Speech,
991.npy,Speech,,
992.npy,Speech,,
993.npy,Speech,,
994.npy,Speech,,
995.npy,Speech,,
996.npy,Speech,,
997.npy,Speech,,
998.npy,Speech,,
999.npy,Speech,Vacuum_cleaner,
